{
  "n_delist": 1162,
  "oos_bench": 0.15781059936625685,
  "signed_bps": 1.296870304513047,
  "sym_bps": 11.746465147527557,
  "oos": {
    "none (zero-drift)": 3.1085137775423,
    "v3 FLAT 25bps": 0.04075106570923026,
    "v4 SIGNED (measured)": 2.9446632875868133,
    "lowturn_signed": 0.7648961088431707
  },
  "alpha_is": {
    "alpha_ann": 0.46480688689956934,
    "t": 5.5028827391241775,
    "bMkt": 1.0536297840284232,
    "bSMB": 1.079885827641361,
    "bHML": 0.31826837659153906,
    "bMom": 0.09848619642222127,
    "r2": 0.7096676732523395
  },
  "alpha_oos": {
    "alpha_ann": 0.2816887237678347,
    "t": 3.4430153241242443,
    "bMkt": 1.0010802046943466,
    "bSMB": 0.9505089876846865,
    "bHML": 0.2840516212791433,
    "bMom": -0.09976384399876455,
    "r2": 0.6722863021973409
  }
}