{
  "delist_events": 1162,
  "base": {
    "tot": 39.972647840013416,
    "sharpe": 1.5733104031017058,
    "vol": 0.29918260186731743,
    "mdd": -0.42583406622914133,
    "n": 2011
  },
  "A": {
    "0": {
      "is_tot": 8.972620285217394,
      "oos_tot": 3.1085137775423,
      "oos_sharpe": 1.2428210426970976
    },
    "10": {
      "is_tot": 6.077065083866728,
      "oos_tot": 1.3730346104752162,
      "oos_sharpe": 0.7602937982578586
    },
    "25": {
      "is_tot": 3.229085652122248,
      "oos_tot": 0.04075106570923026,
      "oos_sharpe": 0.038695644721493984
    },
    "50": {
      "is_tot": 0.7910479792503222,
      "oos_tot": -0.7371438662540251,
      "oos_sharpe": -1.151940443725594
    },
    "75": {
      "is_tot": -0.2424885888781183,
      "oos_tot": -0.9338100866171941,
      "oos_sharpe": -2.3181020934148804
    },
    "100": {
      "is_tot": -0.6800441746278298,
      "oos_tot": -0.9833826713939374,
      "oos_sharpe": -3.450048890651561
    }
  },
  "C": {
    "12_0.0": {
      "0": 3.1085137775423,
      "turn": 0.2219936673418069,
      "25": 0.04075106570923026,
      "50": -0.7371438662540251
    },
    "20_0.0": {
      "0": 0.5695394641449458,
      "turn": 0.09356969601046852,
      "25": -0.11756296631721685,
      "50": -0.5042447336733885
    },
    "20_0.02": {
      "0": 0.434363142351887,
      "turn": 0.0972782031310297,
      "25": -0.21001973825768105,
      "50": -0.5652504955456629
    },
    "25_0.03": {
      "0": 0.47588911694014135,
      "turn": 0.07206512101646698,
      "25": -0.026725916271103767,
      "50": -0.3584473825457556
    },
    "30_0.03": {
      "0": 0.7701535851558396,
      "turn": 0.059917092978424895,
      "25": 0.2921505100240287,
      "50": -0.05701940035444353
    }
  },
  "chosen_hyst": {
    "K_exit": 30,
    "band": 0.03
  },
  "E": {
    "6": {
      "median": 0.021942159761405122,
      "p5": -0.09425639017621269,
      "p95": 0.14564675416018744,
      "mx": 0.3166301915192693,
      "p_hi": 0.0020304568527918783,
      "ev": 0.021910475660595282
    },
    "8": {
      "median": 0.029580831769323912,
      "p5": -0.12935019465524686,
      "p95": 0.17907155154362328,
      "mx": 0.40169414108669077,
      "p_hi": 0.008121827411167513,
      "ev": 0.02675384181540522
    },
    "10": {
      "median": 0.037373419508882844,
      "p5": -0.14668110674857068,
      "p95": 0.19814823532576803,
      "mx": 0.4821906522591992,
      "p_hi": 0.02284263959390863,
      "ev": 0.031075116144157765
    },
    "12": {
      "median": 0.031424584648988785,
      "p5": -0.14655092738987002,
      "p95": 0.18895497370160771,
      "mx": 0.48610359659669444,
      "p_hi": 0.017766497461928935,
      "ev": 0.026316025083879892
    },
    "16": {
      "median": 0.03521880909562847,
      "p5": -0.14755820431477254,
      "p95": 0.18689915304203975,
      "mx": 0.4766277974485482,
      "p_hi": 0.016751269035532996,
      "ev": 0.03022093198070119
    }
  },
  "chosen_N": 10
}