{
  "bench_full": 1.2505408793667616,
  "bench_oos": 0.15781059936625685,
  "quality_top20_oos": -0.09214729538775868,
  "quality_top12_oos": -0.2194037963428963,
  "quality_alpha_oos": {
    "alpha_ann": -0.04568906979187703,
    "t": -0.507245567338361,
    "bMkt": 0.8132122063871843,
    "bSMB": 1.0543999320213848,
    "bHML": 0.051480145291292675,
    "bMom": -0.09779612394447493,
    "r2": 0.6046086901667499
  },
  "skew_2mo_ev": -0.11612652560482024,
  "ma": {
    "n_merg": 928,
    "base_rate": 0.029,
    "mean_merg_dlret": 0.005577376126126126,
    "pct_pos": 0.6126126126126126
  },
  "integrated": {
    "5": {
      "ev": -0.0239426916503059,
      "p5": -0.25019117464853974,
      "p50": -0.0428656621118087,
      "p95": 0.23494369895777864,
      "mx": 1.1293388215822477,
      "p_hi": 0.047208121827411166,
      "turn": 0.02610634516813816
    },
    "8": {
      "ev": -0.061095519980346985,
      "p5": -0.3209303986151585,
      "p50": -0.09075566812213992,
      "p95": 0.3142837755417098,
      "mx": 0.8681220724636516,
      "p_hi": 0.07969543147208122,
      "turn": 0.04553957867898411
    },
    "10": {
      "ev": -0.08062811726762309,
      "p5": -0.36105931995650503,
      "p50": -0.0975959181058933,
      "p95": 0.27606646953667446,
      "mx": 0.7988949890786188,
      "p_hi": 0.06040609137055838,
      "turn": 0.05583932350598386
    },
    "15": {
      "ev": -0.06934070875589772,
      "p5": -0.3532806396551763,
      "p50": -0.0907791407006055,
      "p95": 0.3127809662817866,
      "mx": 0.8728353232247559,
      "p_hi": 0.06903553299492386,
      "turn": 0.06644569593325657
    }
  },
  "chosen_N": null
}