{
  "features": [
    "mom_12_1",
    "mom_6_1",
    "rev_1m",
    "hi52",
    "ivol",
    "max21",
    "beta",
    "logmcap",
    "logdvol",
    "amihud",
    "logprice",
    "sue",
    "sue_x_mom",
    "bm",
    "sp",
    "gpa",
    "net_issue",
    "asset_growth",
    "month"
  ],
  "models": [
    {
      "label": "ElasticNet",
      "target": "T1",
      "ic": 0.11216351166212321,
      "ir": 0.833830042329824,
      "is_ic": 0.06384034257171872,
      "gap": -0.04832316909040449,
      "tot": 0.06147519902559284,
      "sharpe": -0.213219140758753,
      "vs_pead": -0.7558633196796023,
      "alpha": -0.018779650978050656,
      "at": -0.42308730368835695,
      "turn": 0.18819900497510264,
      "med": 0.00463348418611309,
      "p95": 0.05367594664047747,
      "mx": 0.09021090094860451,
      "p25": 0.0,
      "p40": 0.0
    },
    {
      "label": "LightGBM",
      "target": "T1",
      "ic": 0.042593759609711505,
      "ir": 0.3012143298432595,
      "is_ic": 0.37301214836898455,
      "gap": 0.33041838875927304,
      "tot": 0.18012367564279508,
      "sharpe": 0.08100374989899099,
      "vs_pead": -0.6372148430624001,
      "alpha": 0.021682035186671725,
      "at": 0.32104000463756727,
      "turn": 0.18819900497512437,
      "med": 0.00543122583846789,
      "p95": 0.09804036269136443,
      "mx": 0.17477272061787308,
      "p25": 0.0,
      "p40": 0.0
    },
    {
      "label": "XGBoost",
      "target": "T1",
      "ic": 0.04411832935576293,
      "ir": 0.30855694462951727,
      "is_ic": 0.31421669425339677,
      "gap": 0.27009836489763384,
      "tot": 0.15816520174888637,
      "sharpe": 0.05423654973919951,
      "vs_pead": -0.6591733169563088,
      "alpha": 0.018535224847999264,
      "at": 0.2569728522967578,
      "turn": 0.1881990049751244,
      "med": 0.008252098374817107,
      "p95": 0.10032980648873085,
      "mx": 0.14264541051408286,
      "p25": 0.0,
      "p40": 0.0
    },
    {
      "label": "RandomForest",
      "target": "T1",
      "ic": 0.062365865625815545,
      "ir": 0.4540018502970187,
      "is_ic": 0.25869331913749527,
      "gap": 0.19632745351167974,
      "tot": 0.14071103954319364,
      "sharpe": -0.024563785566543487,
      "vs_pead": -0.6766274791620015,
      "alpha": 0.011912323808392756,
      "at": 0.2580027076008915,
      "turn": 0.18819900497512437,
      "med": 0.00388972886957073,
      "p95": 0.06419940664225719,
      "mx": 0.10038208624980083,
      "p25": 0.0,
      "p40": 0.0
    },
    {
      "label": "CatBoost",
      "target": "T1",
      "ic": 0.052427020235710706,
      "ir": 0.31100305033675524,
      "is_ic": 0.2274280191317545,
      "gap": 0.1750009988960438,
      "tot": -0.057218386565861756,
      "sharpe": -0.36107891231194605,
      "vs_pead": -0.8745569052710569,
      "alpha": -0.034935546775978224,
      "at": -0.5821990037595629,
      "turn": 0.1881990049751244,
      "med": 0.004638691621114188,
      "p95": 0.06870153335205398,
      "mx": 0.10451964443436346,
      "p25": 0.0,
      "p40": 0.0
    },
    {
      "label": "Ensemble",
      "target": "T1",
      "ic": 0.05266038010780345,
      "ir": 0.33895724582241105,
      "is_ic": 0.3077813605265077,
      "gap": 0.25512098041870424,
      "tot": 0.22770119843589143,
      "sharpe": 0.1579333534964558,
      "vs_pead": -0.5896373202693037,
      "alpha": 0.029615128822760156,
      "at": 0.5643513965911542,
      "turn": 0.18819900497512437,
      "med": 0.012218879689146478,
      "p95": 0.0579814251258146,
      "mx": 0.08958386929201034,
      "p25": 0.0,
      "p40": 0.0
    },
    {
      "label": "LGBM-tail(T2)",
      "target": "T2",
      "ic": -0.14988922198008042,
      "ir": -0.7642225419877844,
      "is_ic": 0.06755526667075229,
      "gap": 0.2174444886508327,
      "tot": 0.25395744038122925,
      "sharpe": 0.18595513934122385,
      "vs_pead": -0.5633810783239659,
      "alpha": 0.053675313256549936,
      "at": 0.5032194441872596,
      "turn": 0.1881990049751244,
      "med": 0.0171080087589508,
      "p95": 0.16117066149549353,
      "mx": 0.25780098606043844,
      "p25": 0.0031120331950207467,
      "p40": 0.0
    }
  ],
  "pead": {
    "label": "PEAD baseline",
    "target": "SUE",
    "ic": NaN,
    "ir": NaN,
    "tot": 0.8173385187051951,
    "sharpe": 0.5526006542635343,
    "vs_pead": 0.0,
    "alpha": 0.07141499666253501,
    "at": 1.1388052174756667,
    "turn": 0.06314109020745298,
    "med": 0.02913289730285684,
    "p95": 0.18808180290804674,
    "mx": 0.26815884845977167,
    "p25": 0.004149377593360996,
    "p40": 0.0
  },
  "ew_oos": 0.15781059936625685,
  "importances": {
    "ElasticNet": [
      [
        "gpa",
        0.027944518504633708
      ],
      [
        "net_issue",
        0.007877402612522627
      ],
      [
        "rev_1m",
        0.0069256547300818785
      ],
      [
        "logprice",
        0.006705937150040258
      ],
      [
        "logmcap",
        0.005339526341253383
      ],
      [
        "logdvol",
        0.003521270899912715
      ],
      [
        "mom_12_1",
        0.0023029702579452473
      ],
      [
        "beta",
        0.0008752541836537421
      ],
      [
        "sue",
        0.0008583675016259906
      ],
      [
        "mom_6_1",
        0.0006571436908534639
      ]
    ],
    "LightGBM": [
      [
        "gpa",
        1140.0
      ],
      [
        "net_issue",
        982.0
      ],
      [
        "asset_growth",
        963.0
      ],
      [
        "sp",
        921.0
      ],
      [
        "month",
        905.0
      ],
      [
        "bm",
        738.0
      ],
      [
        "beta",
        719.0
      ],
      [
        "sue",
        713.0
      ],
      [
        "ivol",
        675.0
      ],
      [
        "logprice",
        618.0
      ]
    ],
    "XGBoost": [
      [
        "month",
        0.0782875344157219
      ],
      [
        "sp",
        0.07053646445274353
      ],
      [
        "ivol",
        0.06842311471700668
      ],
      [
        "gpa",
        0.06740300357341766
      ],
      [
        "logmcap",
        0.054496634751558304
      ],
      [
        "hi52",
        0.05411418154835701
      ],
      [
        "net_issue",
        0.05120661109685898
      ],
      [
        "asset_growth",
        0.05014108121395111
      ],
      [
        "beta",
        0.04970734566450119
      ],
      [
        "bm",
        0.04895808920264244
      ]
    ],
    "RandomForest": [
      [
        "gpa",
        0.1467938885545482
      ],
      [
        "month",
        0.1195361736094461
      ],
      [
        "sp",
        0.11607547692731027
      ],
      [
        "ivol",
        0.09096534233081424
      ],
      [
        "logmcap",
        0.061854602939350925
      ],
      [
        "net_issue",
        0.05718815232077286
      ],
      [
        "bm",
        0.0530142336466588
      ],
      [
        "logprice",
        0.04845153850579724
      ],
      [
        "asset_growth",
        0.04485889280860718
      ],
      [
        "beta",
        0.043847397341427605
      ]
    ],
    "CatBoost": [
      [
        "month",
        18.468569667795546
      ],
      [
        "sp",
        13.256275388211751
      ],
      [
        "gpa",
        11.652169510592683
      ],
      [
        "ivol",
        8.920344657094413
      ],
      [
        "net_issue",
        6.25577302973543
      ],
      [
        "logmcap",
        5.085386876182935
      ],
      [
        "asset_growth",
        4.836602486937201
      ],
      [
        "bm",
        4.419162035651368
      ],
      [
        "beta",
        4.17809718795452
      ],
      [
        "logprice",
        3.487319199082573
      ]
    ],