{
  "grid": {
    "1": {
      "names": 348.69681908548705,
      "lt": 1.103435899602808,
      "mp": 1.001164421315813,
      "alpha": 0.10422292765856525,
      "t": 1.8428024993607366,
      "fill": 1.531317080080459
    },
    "2": {
      "names": 348.1540755467197,
      "lt": 1.0061925690756737,
      "mp": 0.8208327949344676,
      "alpha": 0.06331756165206619,
      "t": 1.1190964963669983,
      "fill": 1.0281141683365191
    },
    "3": {
      "names": 348.06908548707753,
      "lt": 1.2685967993290896,
      "mp": 1.055756665756792,
      "alpha": 0.09087451457159287,
      "t": 1.3533000207820638,
      "fill": 1.906327287970213
    },
    "4": {
      "names": 348.1540755467197,
      "lt": 1.273987420961761,
      "mp": 1.1271371706441293,
      "alpha": 0.12282349636902751,
      "t": 1.5244903655994029,
      "fill": 1.4780778243937598
    },
    "5": {
      "names": 348.48807157057655,
      "lt": 6.980414888454745,
      "mp": 6.647214848314186,
      "alpha": 0.49560714999642047,
      "t": 3.8838064208900573,
      "fill": 2.55809141423437
    }
  },
  "broad": {
    "oos": 0.6948071139387002,
    "alpha": 0.05404452772441742,
    "t": 0.8516663496481532,
    "is_t": 1.8874235190859432,
    "turn": 0.06065330129032712,
    "med": 0.04810377922475517,
    "p95": 0.3289854313204361,
    "mx": 1.0393402809629588,
    "p25": 0.06446700507614213,
    "p40": 0.03705583756345178
  },
  "tilt": {
    "oos": 6.647214848314186,
    "alpha": 0.49560714999642047,
    "t": 3.8838064208900573,
    "is_t": 1.805450623242775,
    "turn": 0.06654480329118619,
    "med": 0.08229627086689817,
    "p95": 0.453885305003914,
    "mx": 1.7872746036718459,
    "p25": 0.15532994923857868,
    "p40": 0.06395939086294417
  },
  "best_bucket": 5,
  "verdict": "KEEP liquidity tilt",
  "broad_lt_oos": 0.8203011104058893
}