{
  "N10_skew0": {
    "ev": 0.04346830968633374,
    "p5": -0.1349576406074973,
    "p50": 0.049076310932552936,
    "p95": 0.2172298605363409,
    "mx": 0.49626070972473935,
    "p25": 0.030456852791878174,
    "p40": 0.003045685279187817
  },
  "N10_skew10": {
    "ev": 0.026709084226358745,
    "p5": -0.15880874943457926,
    "p50": 0.03194675288924853,
    "p95": 0.21478472523846842,
    "mx": 0.4673227857049871,
    "p25": 0.028426395939086295,
    "p40": 0.0025380710659898475
  },
  "N10_skew15": {
    "ev": 0.018403413322906886,
    "p5": -0.17601896874830683,
    "p50": 0.021013812366764806,
    "p95": 0.21003876354589476,
    "mx": 0.47419726715607124,
    "p25": 0.03248730964467005,
    "p40": 0.0020304568527918783
  },
  "N10_skew20": {
    "ev": 0.010145855863224381,
    "p5": -0.19235050668068884,
    "p50": 0.010666042256233133,
    "p95": 0.21051343500974015,
    "mx": 0.4807283666553115,
    "p25": 0.03197969543147208,
    "p40": 0.0015228426395939086
  },
  "N10_skew30": {
    "ev": -0.0062284407036188,
    "p5": -0.2234187354386065,
    "p50": -0.012018264355906028,
    "p95": 0.2188845081707629,
    "mx": 0.4927603529580822,
    "p25": 0.03756345177664975,
    "p40": 0.009644670050761422
  },
  "N15_skew0": {
    "ev": 0.04094574692292307,
    "p5": -0.13956998048308653,
    "p50": 0.04499677505301103,
    "p95": 0.20972035032614308,
    "mx": 0.46307630525376653,
    "p25": 0.024365482233502538,
    "p40": 0.0040609137055837565
  },
  "N15_skew10": {
    "ev": 0.024548427375194283,
    "p5": -0.16414065506481695,
    "p50": 0.027827834232594828,
    "p95": 0.20011733060930373,
    "mx": 0.4489777596831841,
    "p25": 0.030964467005076143,
    "p40": 0.0020304568527918783
  },
  "N15_skew15": {
    "ev": 0.016414738488943554,
    "p5": -0.17932820666440644,
    "p50": 0.01716657633383256,
    "p95": 0.20394352543246175,
    "mx": 0.4570153976196436,
    "p25": 0.03401015228426396,
    "p40": 0.0015228426395939086
  },
  "N15_skew20": {
    "ev": 0.00832315166555344,
    "p5": -0.19736953030891957,
    "p50": 0.008998499096844359,
    "p95": 0.20866803347445392,
    "mx": 0.464697113451247,
    "p25": 0.03654822335025381,
    "p40": 0.003553299492385787
  },
  "N15_skew30": {
    "ev": -0.007737331726319706,
    "p5": -0.22862189608999348,
    "p50": -0.013480676473053343,
    "p95": 0.22016719833912837,
    "mx": 0.5192258033436106,
    "p25": 0.0416243654822335,
    "p40": 0.01065989847715736
  },
  "N20_skew0": {
    "ev": 0.047599399667335625,
    "p5": -0.1360788614785005,
    "p50": 0.04787743199122241,
    "p95": 0.22578038477338533,
    "mx": 0.5088046349855457,
    "p25": 0.04111675126903553,
    "p40": 0.003045685279187817
  },
  "N20_skew10": {
    "ev": 0.0302969795125116,
    "p5": -0.15955557450590974,
    "p50": 0.03150550490506432,
    "p95": 0.22372848127678566,
    "mx": 0.49435547128306623,
    "p25": 0.03401015228426396,
    "p40": 0.0020304568527918783
  },
  "N20_skew15": {
    "ev": 0.02173128197431784,
    "p5": -0.17504564497370345,
    "p50": 0.023213867121236853,
    "p95": 0.22218801017199435,
    "mx": 0.5000060646621938,
    "p25": 0.03604060913705584,
    "p40": 0.0020304568527918783
  },
  "N20_skew20": {
    "ev": 0.013221325841383831,
    "p5": -0.1915513989380862,
    "p50": 0.013627903613570469,
    "p95": 0.22533645776994912,
    "mx": 0.5052764544968762,
    "p25": 0.03756345177664975,
    "p40": 0.0025380710659898475
  },
  "N20_skew30": {
    "ev": -0.0036351770530249003,
    "p5": -0.22491136428587905,
    "p50": -0.006993615745038373,
    "p95": 0.23522865488967784,
    "mx": 0.5146791415460383,
    "p25": 0.04213197969543147,
    "p40": 0.006598984771573604
  }
}